{"name":332,"x":35.19342758960404,"y":-0.6330358935596149}{"name":333,"x":35.19330133434805,"y":-0.6340147032075883}{"name":334,"x":35.19321365686747,"y":-0.6344311265752568}{"name":335,"x":35.193324130404946,"y":-0.6344654708237021}{"name":336,"x":35.193408300662966,"y":-0.63451269411416}{"name":337,"x":35.19351000613013,"y":-0.6345813824473013}{"name":338,"x":35.19438326584987,"y":-0.6347359313606283}{"name":339,"x":35.1955616254114,"y":-0.6349384842133988}{"name":340,"x":35.19651727647757,"y":-0.6351026235139302}{"name":341,"x":35.19683553212182,"y":-0.6351614234434156}{"name":342,"x":35.1973265024962,"y":-0.6352429909823188}{"name":343,"x":35.19754626921549,"y":-0.6352868495513354}{"name":344,"x":35.19822719170263,"y":-0.635401263170814}{"name":345,"x":35.19841422514939,"y":-0.6354335544208479}{"name":346,"x":35.19901915869079,"y":-0.6355443927502624}{"name":347,"x":35.19964162178328,"y":-0.635651724574351}{"name":348,"x":35.199966002038444,"y":-0.6356982485272812}{"name":349,"x":35.200117963552145,"y":-0.6357018085591305}{"name":350,"x":35.2005490065979,"y":-0.6357053304045058}{"name":351,"x":35.200966897060084,"y":-0.6359234313640982}{"name":352,"x":35.201058949555396,"y":-0.6359950140914838}{"name":353,"x":35.20108817250336,"y":-0.636163059107886}{"name":354,"x":35.20108817250336,"y":-0.6365670822707316}{"name":355,"x":35.20122844272135,"y":-0.6376078432854017}{"name":356,"x":35.201313189238576,"y":-0.6383086268990802}{"name":357,"x":35.20182020507834,"y":-0.6418064894319399}{"name":358,"x":35.20193125126415,"y":-0.6425930833625304}{"name":359,"x":35.202124120749275,"y":-0.643036436230089}{"name":360,"x":35.203684593442155,"y":-0.6452431672294614}{"name":361,"x":35.205081395588756,"y":-0.6472996688344891}{"name":362,"x":35.205345850192536,"y":-0.6477431202568119}{"name":363,"x":35.205790015075976,"y":-0.6483259147154442}{"name":364,"x":35.20593319931979,"y":-0.6482258028290834}{"name":365,"x":35.206600901976266,"y":-0.647462376359782}{"name":366,"x":35.20688434523938,"y":-0.6474444991729312}{"name":367,"x":35.20902913108112,"y":-0.6480794288853976}{"name":368,"x":35.20978592890538,"y":-0.648301100267188}{"name":369,"x":35.20966466640915,"y":-0.6489589927432249}{"name":370,"x":35.20945720486852,"y":-0.6500709504272552}{"name":371,"x":35.210522265974596,"y":-0.6515803722370573}{"name":372,"x":35.211550789136986,"y":-0.6532148458222542}