{
    "name": 0,
    "x": 35.19300615336729,
    "y": -0.632363201825239
}{
    "name": 1,
    "x": 35.193280876271025,
    "y": -0.6301103922594243
}{
    "name": 4,
    "x": 35.191543384066115,
    "y": -0.6297007240265274
}{
    "name": 2,
    "x": 35.19300030814349,
    "y": -0.6299673569600795
}{
    "name": 6,
    "x": 35.191015845540356,
    "y": -0.6296373287052148
}{
    "name": 5,
    "x": 35.19129642052099,
    "y": -0.6297714187926685
}{
    "name": 3,
    "x": 35.192012466771914,
    "y": -0.629802866005722
}{
    "name": 8,
    "x": 35.191002693564364,
    "y": -0.6290151506994991
}{
    "name": 10,
    "x": 35.19129642052099,
    "y": -0.6288166973700894
}{
    "name": 9,
    "x": 35.19112106127164,
    "y": -0.6288596061980601
}{
    "name": 12,
    "x": 35.19199346979479,
    "y": -0.6283339730552885
}{
    "name": 13,
    "x": 35.19417518077796,
    "y": -0.6251897956488751
}{
    "name": 14,
    "x": 35.19643720100648,
    "y": -0.6219393558144848
}{
    "name": 15,
    "x": 35.19841860883366,
    "y": -0.6190316033989763
}{
    "name": 16,
    "x": 35.19916381608425,
    "y": -0.616724467056944
}{
    "name": 17,
    "x": 35.19964600536786,
    "y": -0.6151582948356317
}{
    "name": 11,
    "x": 35.1915769945327,
    "y": -0.6288596061980601
}{
    "name": 18,
    "x": 35.19975997696209,
    "y": -0.6147613881767923
}{
    "name": 20,
    "x": 35.200765257921326,
    "y": -0.6118275097182747
}{
    "name": 21,
    "x": 35.20079448097499,
    "y": -0.6116192329600146
}{
    "name": 22,
    "x": 35.200779869449484,
    "y": -0.6113010199503922
}{
    "name": 23,
    "x": 35.20085000485495,
    "y": -0.6110864943627182
}{
    "name": 24,
    "x": 35.20098735315967,
    "y": -0.6110435892451794
}{
    "name": 7,
    "x": 35.19093693365247,
    "y": -0.6292886944778675
}{
    "name": 25,
    "x": 35.20109840061797,
    "y": -0.6111115224570552
}{
    "name": 27,
    "x": 35.20151336592264,
    "y": -0.6116085066806298
}{
    "name": 19,
    "x": 35.20027430829876,
    "y": -0.6132542282486521
}{
    "name": 29,
    "x": 35.20379855935245,
    "y": -0.6130858941930373
}{
    "name": 26,
    "x": 35.20120360329089,
    "y": -0.6113081708578784
}{
    "name": 30,
    "x": 35.205557705503274,
    "y": -0.6143158411139483
}{
    "name": 32,
    "x": 35.20777265583833,
    "y": -0.6156749428083353
}{
    "name": 31,
    "x": 35.206042778868806,
    "y": -0.6146666418661552
}{
    "name": 33,
    "x": 35.20912847943387,
    "y": -0.6162111800772643
}{
    "name": 35,
    "x": 35.21052810992073,
    "y": -0.6165368124452941
}{
    "name": 34,
    "x": 35.20989988631971,
    "y": -0.6164400074798904
}{
    "name": 36,
    "x": 35.210644988153504,
    "y": -0.6163580410676728
}{
    "name": 37,
    "x": 35.21085536869557,
    "y": -0.6163580410676728
}{
    "name": 39,
    "x": 35.21113441413468,
    "y": -0.6164345840060804
}{
    "name": 38,
    "x": 35.21093864414974,
    "y": -0.6164774891236191
}{
    "name": 40,
    "x": 35.21190872384354,
    "y": -0.6164560365648498
}{
    "name": 42,
    "x": 35.2125106349325,
    "y": -0.6162504380655643
}{
    "name": 28,
    "x": 35.20343036124938,
    "y": -0.6128427090559098
}{
    "name": 44,
    "x": 35.21324256449832,
    "y": -0.6155941286596024
}{
    "name": 41,
    "x": 35.21215708576386,
    "y": -0.6164077568025816
}{
    "name": 46,
    "x": 35.21420969484748,
    "y": -0.6148414361397104
}{
    "name": 45,
    "x": 35.21360779635574,
    "y": -0.6153116700237017
}{
    "name": 47,
    "x": 35.215200187982994,
    "y": -0.6140514280781818
}{
    "name": 49,
    "x": 35.216495991919444,
    "y": -0.6133768376056793
}{
    "name": 50,
    "x": 35.216595331151765,
    "y": -0.6131623120180052
}{
    "name": 51,
    "x": 35.21654273980273,
    "y": -0.6126438751538267
}{
    "name": 52,
    "x": 35.21647700056852,
    "y": -0.6125150779876144
}{
    "name": 43,
    "x": 35.21282035444199,
    "y": -0.6160037336397363
}{
    "name": 53,
    "x": 35.216205277802146,
    "y": -0.6113995447680166
}{
    "name": 55,
    "x": 35.21591748449798,
    "y": -0.6101835548381884
}{
    "name": 56,
    "x": 35.215797691997324,
    "y": -0.6100476885781059
}{
    "name": 57,
    "x": 35.21577870051645,
    "y": -0.6094611166065113
}{
    "name": 58,
    "x": 35.216056268175365,
    "y": -0.6088747467759604
}{
    "name": 59,
    "x": 35.21600952004536,
    "y": -0.6077967774363691
}{
    "name": 60,
    "x": 35.21600367654392,
    "y": -0.6068671666655479
}{
    "name": 48,
    "x": 35.2164156439353,
    "y": -0.6134826976636587
}{
    "name": 61,
    "x": 35.21698976515001,
    "y": -0.6068447423996037
}{
    "name": 62,
    "x": 35.217717271780614,
    "y": -0.6068198346326947
}{
    "name": 64,
    "x": 35.21976754910319,
    "y": -0.6068239801085573
}{
    "name": 63,
    "x": 35.219728837565405,
    "y": -0.6066772064139192
}{
    "name": 65,
    "x": 35.21986469314782,
    "y": -0.6085411288487764
}{
    "name": 54,
    "x": 35.216040198537975,
    "y": -0.61026221416578
}