{"name":0,"x":35.199210573913696,"y":-0.631016492843628}{"name":1,"x":35.199447285237994,"y":-0.6300830841064454}{"name":2,"x":35.19942098401379,"y":-0.6297719478607179}{"name":3,"x":35.19981550148239,"y":-0.6298363208770753}{"name":4,"x":35.199903171770735,"y":-0.6299114227294922}{"name":5,"x":35.19992070581703,"y":-0.6305336952209474}{"name":6,"x":35.20029768689722,"y":-0.6306517124176027}{"name":7,"x":35.200210017034706,"y":-0.6313812732696534}{"name":8,"x":35.199973307933256,"y":-0.6321322917938234}{"name":9,"x":35.19965769472491,"y":-0.6326365470886232}{"name":10,"x":35.19678205122573,"y":-0.6350505352020264}{"name":11,"x":35.19632614717546,"y":-0.635061264038086}{"name":12,"x":35.193257495653036,"y":-0.634589195251465}{"name":13,"x":35.19295939189957,"y":-0.6347823143005372}{"name":14,"x":35.192661287052246,"y":-0.6344819068908693}{"name":15,"x":35.18922423451434,"y":-0.6339025497436525}{"name":16,"x":35.18878582450056,"y":-0.6337952613830568}{"name":17,"x":35.1884526313081,"y":-0.6363272666931153}{"name":18,"x":35.1881019001558,"y":-0.6393098831176759}{"name":19,"x":35.18756703223388,"y":-0.6392669677734376}{"name":20,"x":35.18739166493573,"y":-0.6393849849700929}{"name":21,"x":35.186506054298555,"y":-0.641155242919922}{"name":22,"x":35.186137777726955,"y":-0.6416702270507812}{"name":23,"x":35.185813342221586,"y":-0.641927719116211}{"name":24,"x":35.184822490632655,"y":-0.6424427032470704}{"name":25,"x":35.18394562074321,"y":-0.6430113315582277}{"name":26,"x":35.178596509540554,"y":-0.6449103355407716}{"name":27,"x":35.178578970892055,"y":-0.6452107429504396}{"name":28,"x":35.178368506814735,"y":-0.6455969810485841}{"name":29,"x":35.178350968117016,"y":-0.6471204757690431}{"name":30,"x":35.178754357206884,"y":-0.6504356861114503}{"name":31,"x":35.18001712750268,"y":-0.650843381881714}{"name":32,"x":35.182753062510386,"y":-0.6512832641601562}{"name":33,"x":35.18462958006876,"y":-0.6518518924713136}{"name":34,"x":35.18469096075241,"y":-0.6520557403564454}{"name":35,"x":35.182560147034266,"y":-0.6569051742553712}{"name":36,"x":35.182007704728605,"y":-0.6580746173858643}{"name":37,"x":35.181884939261835,"y":-0.6581711769104005}{"name":38,"x":35.181902477197006,"y":-0.6584179401397706}{"name":39,"x":35.18177971157131,"y":-0.6585144996643068}{"name":40,"x":35.18164817676656,"y":-0.6591367721557618}{"name":41,"x":35.1805520451155,"y":-0.6617438793182374}{"name":42,"x":35.17549210981187,"y":-0.6730842590332032}{"name":43,"x":35.17478176439383,"y":-0.6749510765075684}{"name":44,"x":35.17417665043844,"y":-0.6761312484741211}{"name":45,"x":35.173396134482346,"y":-0.6770968437194824}{"name":46,"x":35.17215957139246,"y":-0.6785559654235841}{"name":47,"x":35.16986179429199,"y":-0.681602954864502}{"name":48,"x":35.16891460009852,"y":-0.6841349601745607}{"name":49,"x":35.16849362135982,"y":-0.6854653358459474}{"name":50,"x":35.167300836431416,"y":-0.6864094734191895}{"name":51,"x":35.167195589862466,"y":-0.6867957115173341}{"name":52,"x":35.168037558600155,"y":-0.6875467300415039}{"name":53,"x":35.16894968156169,"y":-0.6875252723693848}{"name":54,"x":35.169756551037565,"y":-0.6873321533203126}{"name":55,"x":35.17044062975638,"y":-0.6870102882385255}{"name":56,"x":35.17130010511695,"y":-0.6863880157470703}{"name":57,"x":35.17173860945392,"y":-0.6861519813537599}{"name":58,"x":35.17429942754721,"y":-0.6853151321411134}{"name":59,"x":35.17491331030989,"y":-0.6852507591247559}{"name":60,"x":35.17720217517574,"y":-0.6861519813537599}{"name":61,"x":35.17744772006937,"y":-0.6862056255340576}{"name":62,"x":35.17747402840684,"y":-0.6863451004028321}{"name":63,"x":35.17723725306311,"y":-0.6864094734191895}{"name":64,"x":35.175825356140656,"y":-0.6872355937957764}{"name":65,"x":35.1732645861114,"y":-0.688866376876831}{"name":66,"x":35.17060726344439,"y":-0.6905186176300049}{"name":67,"x":35.169765321313974,"y":-0.6910014152526857}{"name":68,"x":35.16820419721273,"y":-0.6917846202850343}{"name":69,"x":35.16493275568395,"y":-0.6933403015136719}{"name":70,"x":35.16242426901981,"y":-0.6945526599884034}{"name":71,"x":35.161722580580935,"y":-0.6949818134307861}{"name":72,"x":35.160038503629714,"y":-0.696333646774292}