{"name":266,"nomFr":"we2","x":-0.590154648089083,"y":35.22511321779137}