{"nodes":[{"name":0,"x":35.217750871349196,"y":-0.6514892577797581},{"name":1,"x":35.21824171530938,"y":-0.6453952788979223}],"paths":[{"id":0,"from":0,"to":1}]}