{
    "nodes": [
        {
            "name": 4,
            "nomFr": "Les cascades",
            "x": 35.20900721599752,
            "y": -0.6163130083833512
        },
        {
            "name": 20,
            "nomFr": "Gare Routière Est",
            "x": 35.2132498691402,
            "y": -0.6157922744750977
        }
    ],
    "paths": [
       
    ]
}